-1.388152712024748325e-03,-1.893656887114048004e-02,7.305617332458496094e-01,6.839127093553543091e-02,1.843535713851451874e-02,-8.328470587730407715e-01,5.489522218704223633e-01,-1.259439140558242798e-01,-1.722229085862636566e-02,1.637950688600540161e-01,5.798144936561584473e-01,-5.075312256813049316e-01,9.678246825933456421e-02,-5.048434734344482422e-01,-1.110471934080123901e-01,-2.218456119298934937e-01,7.559500336647033691e-01,-3.416111767292022705e-01,5.203403159976005554e-02,-4.528166353702545166e-02,5.717373639345169067e-02,1.440341770648956299e-01,-1.570136547088623047e-01,2.438636869192123413e-01,-3.871745169162750244e-01,8.110284805297851562e-01,1.498402953147888184e-01,-1.372402459383010864e-01,6.909034401178359985e-02,-6.367789953947067261e-02,-2.951260507106781006e-01,3.524089455604553223e-01,1.062368869781494141e+00,-1.078343540430068970e-01,-2.975416556000709534e-02,-8.682554215192794800e-02
1.376162865199148655e-03,-2.283878624439239502e-02,7.284078598022460938e-01,7.797245681285858154e-02,2.106669545173645020e-02,-8.280457258224487305e-01,5.548123717308044434e-01,-1.645548790693283081e-01,-2.142409607768058777e-02,1.847644746303558350e-01,6.166753172874450684e-01,-5.356842875480651855e-01,1.041328981518745422e-01,-5.780848264694213867e-01,-1.445498466491699219e-01,-2.340283393859863281e-01,8.504928946495056152e-01,-3.598461449146270752e-01,5.113394185900688171e-02,-5.752842128276824951e-02,5.606461316347122192e-02,1.268413215875625610e-01,-2.124165743589401245e-01,2.570430934429168701e-01,-3.959710001945495605e-01,7.885503172874450684e-01,1.606450676918029785e-01,-1.687684208154678345e-01,8.223625272512435913e-02,-8.151449263095855713e-02,-2.888507544994354248e-01,3.459389805793762207e-01,1.118973731994628906e+00,-1.029491201043128967e-01,-5.205824598670005798e-02,-8.696203678846359253e-02
3.605661215260624886e-03,-3.432982042431831360e-02,7.304115891456604004e-01,8.652658015489578247e-02,2.390157803893089294e-02,-8.229546546936035156e-01,5.609701275825500488e-01,-1.699771732091903687e-01,-3.936704248189926147e-02,1.846684366464614868e-01,6.075552105903625488e-01,-5.195649862289428711e-01,1.036178618669509888e-01,-6.163398623466491699e-01,-1.700606793165206909e-01,-2.515874207019805908e-01,9.119468331336975098e-01,-3.593797683715820312e-01,4.980186000466346741e-02,-6.393242627382278442e-02,5.850955843925476074e-02,1.099133491516113281e-01,-2.591554224491119385e-01,2.865763306617736816e-01,-3.965091407299041748e-01,6.989665031433105469e-01,1.553607583045959473e-01,-1.923934966325759888e-01,8.982655405998229980e-02,-7.162892073392868042e-02,-2.951186597347259521e-01,3.349845707416534424e-01,1.142534494400024414e+00,-9.872242063283920288e-02,-5.589918419718742371e-02,-6.692428886890411377e-02
-5.898339208215475082e-03,-5.541609972715377808e-02,7.349072694778442383e-01,9.510907530784606934e-02,2.680315636098384857e-02,-8.136478662490844727e-01,5.728988051414489746e-01,-1.583281308412551880e-01,-4.546761885285377502e-02,1.959318369626998901e-01,5.901225805282592773e-01,-4.633229374885559082e-01,1.096904426813125610e-01,-6.382500529289245605e-01,-1.858386695384979248e-01,-2.543265223503112793e-01,9.575979113578796387e-01,-3.451350033283233643e-01,5.141829326748847961e-02,-7.693048566579818726e-02,6.170122697949409485e-02,9.088966250419616699e-02,-2.877785563468933105e-01,3.279706537723541260e-01,-3.869724273681640625e-01,5.687828063964843750e-01,1.419983804225921631e-01,-2.162919193506240845e-01,9.082096815109252930e-02,-5.535738170146942139e-02,-3.125876188278198242e-01,3.208665847778320312e-01,1.157441377639770508e+00,-9.876657277345657349e-02,-5.864520370960235596e-02,-3.472638875246047974e-02
-1.750999689102172852e-02,-7.900516688823699951e-02,7.393559813499450684e-01,1.004300788044929504e-01,2.819659933447837830e-02,-8.094841241836547852e-01,5.778012275695800781e-01,-1.558927297592163086e-01,-6.444608420133590698e-02,1.682544499635696411e-01,5.935993194580078125e-01,-3.901797533035278320e-01,9.345009922981262207e-02,-6.435980200767517090e-01,-1.662704348564147949e-01,-2.377993911504745483e-01,9.796708226203918457e-01,-3.141102194786071777e-01,6.450679153203964233e-02,-7.966012507677078247e-02,6.782748550176620483e-02,7.341947406530380249e-02,-3.000575900077819824e-01,3.771339952945709229e-01,-3.712922930717468262e-01,4.088455736637115479e-01,1.091969683766365051e-01,-2.476939260959625244e-01,8.350784331560134888e-02,-2.682035975158214569e-02,-3.258064389228820801e-01,3.179953098297119141e-01,1.151592731475830078e+00,-8.981879055500030518e-02,-6.195555254817008972e-02,-9.881478035822510719e-04
-3.031659871339797974e-02,-1.043813675642013550e-01,7.418084144592285156e-01,1.040934175252914429e-01,2.942301519215106964e-02,-8.088478446006774902e-01,5.779827237129211426e-01,-1.772203743457794189e-01,-8.487361669540405273e-02,1.184367090463638306e-01,6.329609751701354980e-01,-3.102926015853881836e-01,5.224306881427764893e-02,-6.277964115142822266e-01,-1.298422217369079590e-01,-2.144344151020050049e-01,9.771351814270019531e-01,-2.708680927753448486e-01,6.981703639030456543e-02,-6.940981745719909668e-02,7.986727356910705566e-02,5.547978729009628296e-02,-2.893833518028259277e-01,4.236095845699310303e-01,-3.716278672218322754e-01,3.154247105121612549e-01,9.733342379331588745e-02,-2.675087153911590576e-01,8.203513920307159424e-02,2.236723201349377632e-03,-3.360614180564880371e-01,3.207733631134033203e-01,1.146920919418334961e+00,-7.556708902120590210e-02,-6.870365887880325317e-02,1.718484237790107727e-02
-4.335064068436622620e-02,-1.298312544822692871e-01,7.400540113449096680e-01,1.005342751741409302e-01,3.515109419822692871e-02,-8.088179826736450195e-01,5.783344507217407227e-01,-2.203544676303863525e-01,-9.312810748815536499e-02,7.534422725439071655e-02,7.335453629493713379e-01,-2.601230442523956299e-01,1.753829978406429291e-02,-5.926988720893859863e-01,-8.406074345111846924e-02,-1.896658390760421753e-01,9.616308212280273438e-01,-2.376266866922378540e-01,7.678288966417312622e-02,-5.308860540390014648e-02,9.797938168048858643e-02,3.839737176895141602e-02,-2.704587578773498535e-01,4.749450087547302246e-01,-3.723741769790649414e-01,2.367122173309326172e-01,8.120600134134292603e-02,-2.810536623001098633e-01,8.340702950954437256e-02,2.968386001884937286e-02,-3.500287532806396484e-01,3.265640139579772949e-01,1.135982632637023926e+00,-5.829222500324249268e-02,-6.947723776102066040e-02,2.500863745808601379e-02
-5.543589591979980469e-02,-1.524748057126998901e-01,7.323922514915466309e-01,9.682703018188476562e-02,4.063849523663520813e-02,-8.111661076545715332e-01,5.753108859062194824e-01,-2.829569876194000244e-01,-8.235785365104675293e-02,6.948845088481903076e-02,9.045095443725585938e-01,-2.410500496625900269e-01,2.549598691985011101e-03,-5.488196015357971191e-01,-4.791077971458435059e-02,-1.713824123144149780e-01,9.437116980552673340e-01,-2.799590528011322021e-01,5.748929455876350403e-02,-2.878124080598354340e-02,1.098605617880821228e-01,2.900643274188041687e-02,-2.312236428260803223e-01,5.321173071861267090e-01,-3.672378361225128174e-01,2.061941623687744141e-01,6.398931145668029785e-02,-2.740971148014068604e-01,8.905760943889617920e-02,4.590934514999389648e-02,-3.593828380107879639e-01,3.248263001441955566e-01,1.104243159294128418e+00,-3.292642906308174133e-02,-6.544556468725204468e-02,2.024728804826736450e-02
-6.523094326257705688e-02,-1.710793226957321167e-01,7.194761633872985840e-01,9.267789125442504883e-02,4.670782387256622314e-02,-8.146942257881164551e-01,5.705283284187316895e-01,-3.708677589893341064e-01,-5.154578015208244324e-02,8.500841259956359863e-02,1.157135009765625000e+00,-2.494701147079467773e-01,3.960421308875083923e-03,-5.033696293830871582e-01,-2.120941691100597382e-02,-1.587422937154769897e-01,9.453213214874267578e-01,-4.265768229961395264e-01,2.631139010190963745e-03,-4.782236646860837936e-03,1.165027320384979248e-01,3.476532548666000366e-02,-1.818829476833343506e-01,5.948274135589599609e-01,-3.658501803874969482e-01,2.284243851900100708e-01,4.824712499976158142e-02,-2.519654333591461182e-01,1.001442149281501770e-01,3.582963347434997559e-02,-3.726475238800048828e-01,3.170062303543090820e-01,1.083490014076232910e+00,-1.770070567727088928e-02,-5.433509498834609985e-02,-1.040497887879610062e-02
-7.458854466676712036e-02,-1.862001121044158936e-01,7.072790861129760742e-01,9.352418035268783569e-02,4.986706748604774475e-02,-8.211411237716674805e-01,5.607974529266357422e-01,-4.738779962062835693e-01,2.969319932162761688e-03,1.179464235901832581e-01,1.393161296844482422e+00,-3.194747269153594971e-01,4.148790240287780762e-02,-4.705922305583953857e-01,2.149506239220499992e-03,-1.470384299755096436e-01,9.505488872528076172e-01,-5.599359869956970215e-01,-3.369154036045074463e-02,1.574708707630634308e-02,1.092372089624404907e-01,5.738140642642974854e-02,-1.233941316604614258e-01,6.666639447212219238e-01,-3.411324322223663330e-01,3.006605505943298340e-01,4.754976183176040649e-02,-2.136210352182388306e-01,1.077212616801261902e-01,-4.011114360764622688e-04,-3.836819827556610107e-01,3.114503026008605957e-01,1.071375846862792969e+00,-1.144802570343017578e-02,-4.413303360342979431e-02,-3.674003481864929199e-02
-8.522819727659225464e-02,-2.035468220710754395e-01,6.999067664146423340e-01,9.447775781154632568e-02,4.792167246341705322e-02,-8.267170786857604980e-01,5.525543093681335449e-01,-5.760996341705322266e-01,5.351351201534271240e-02,1.370822191238403320e-01,1.524971723556518555e+00,-3.978948593139648438e-01,9.153322130441665649e-02,-4.317342936992645264e-01,1.504898350685834885e-02,-1.329474598169326782e-01,9.497607350349426270e-01,-6.352802515029907227e-01,-4.729284346103668213e-02,4.943234100937843323e-02,9.406038373708724976e-02,7.552360743284225464e-02,-6.754266470670700073e-02,7.182077169418334961e-01,-2.783596813678741455e-01,4.025214910507202148e-01,6.356255710124969482e-02,-1.887602806091308594e-01,1.422072649002075195e-01,-4.079669341444969177e-02,-3.909319639205932617e-01,3.256703615188598633e-01,1.057609081268310547e+00,-3.919770941138267517e-02,-4.872452840209007263e-02,-7.776309549808502197e-02
-1.023394986987113953e-01,-2.121209353208541870e-01,6.999804377555847168e-01,9.548979252576828003e-02,3.434939309954643250e-02,-8.382523655891418457e-01,5.357562303543090820e-01,-6.767327189445495605e-01,7.473956793546676636e-02,1.374240666627883911e-01,1.538417577743530273e+00,-4.605032205581665039e-01,1.270848363637924194e-01,-3.812338113784790039e-01,2.992290072143077850e-02,-9.420216828584671021e-02,9.205029010772705078e-01,-6.627118587493896484e-01,-3.599390387535095215e-02,9.317404776811599731e-02,5.633525550365447998e-02,1.063167080283164978e-01,-1.597297936677932739e-02,7.789725661277770996e-01,-1.639054417610168457e-01,5.419085025787353516e-01,7.664760947227478027e-02,-1.618619561195373535e-01,1.736208945512771606e-01,-9.071940928697586060e-02,-3.940405845642089844e-01,3.669248819351196289e-01,1.026188969612121582e+00,-6.014735251665115356e-02,-5.250758677721023560e-02,-1.024326235055923462e-01
-1.240625083446502686e-01,-2.340705245733261108e-01,7.095976471900939941e-01,1.052025556564331055e-01,2.536090835928916931e-02,-8.540655374526977539e-01,5.087841153144836426e-01,-7.526096105575561523e-01,6.219479069113731384e-02,1.404105573892593384e-01,1.470373630523681641e+00,-4.719587266445159912e-01,1.491463184356689453e-01,-3.150863349437713623e-01,3.086584061384201050e-02,-5.612961202859878540e-02,8.461324572563171387e-01,-6.130111217498779297e-01,6.865583825856447220e-03,1.484438031911849976e-01,9.792825207114219666e-03,1.402935683727264404e-01,5.793899670243263245e-02,8.284010887145996094e-01,-5.644172430038452148e-02,6.770881414413452148e-01,9.017197042703628540e-02,-1.403892040252685547e-01,2.074946463108062744e-01,-1.220352798700332642e-01,-3.910326361656188965e-01,3.990670144557952881e-01,9.701352715492248535e-01,-5.858472734689712524e-02,-5.211448296904563904e-02,-1.325065940618515015e-01
-1.402119994163513184e-01,-2.696020305156707764e-01,7.265858650207519531e-01,1.156827732920646667e-01,2.919435314834117889e-02,-8.614746332168579102e-01,4.935854673385620117e-01,-8.021510839462280273e-01,6.136402860283851624e-02,1.730010956525802612e-01,1.311926960945129395e+00,-4.639721214771270752e-01,1.396969705820083618e-01,-2.088188678026199341e-01,3.283870965242385864e-02,-2.566833281889557838e-03,6.872588992118835449e-01,-5.001732110977172852e-01,7.915571331977844238e-02,1.922142803668975830e-01,-2.799863182008266449e-02,1.472773998975753784e-01,1.259830743074417114e-01,8.649256229400634766e-01,2.523812279105186462e-02,8.064409494400024414e-01,1.148363426327705383e-01,-1.299234479665756226e-01,2.190461009740829468e-01,-9.747851639986038208e-02,-4.001912474632263184e-01,4.061847329139709473e-01,8.694223761558532715e-01,-4.386220127344131470e-02,-6.521865725517272949e-02,-1.461575329303741455e-01
-1.587980091571807861e-01,-3.090932667255401611e-01,7.454974651336669922e-01,1.244015321135520935e-01,3.259078040719032288e-02,-8.716676235198974609e-01,4.729246199131011963e-01,-8.450458645820617676e-01,4.580683261156082153e-02,1.771342754364013672e-01,1.099274516105651855e+00,-3.941832184791564941e-01,1.232878863811492920e-01,-1.137111708521842957e-01,1.921541988849639893e-02,2.249367721378803253e-02,5.387632846832275391e-01,-2.560907602310180664e-01,1.603610515594482422e-01,2.477719187736511230e-01,-5.872282013297080994e-02,1.510006636381149292e-01,1.706948727369308472e-01,8.706328868865966797e-01,8.028162270784378052e-02,9.373046755790710449e-01,1.416736096143722534e-01,-1.233153641223907471e-01,2.253202646970748901e-01,-8.278433233499526978e-02,-3.931179642677307129e-01,4.098179340362548828e-01,8.447592854499816895e-01,-3.653580695390701294e-02,-7.288318127393722534e-02,-1.580200493335723877e-01
-1.789611726999282837e-01,-3.485293686389923096e-01,7.591964602470397949e-01,1.299640834331512451e-01,3.831154480576515198e-02,-8.759034276008605957e-01,4.630709588527679443e-01,-8.560681343078613281e-01,2.456475235521793365e-02,1.923254281282424927e-01,8.442497253417968750e-01,-2.960026562213897705e-01,7.701494544744491577e-02,-4.944806918501853943e-02,4.910934250801801682e-03,3.854535520076751709e-02,4.933602213859558105e-01,-8.072311431169509888e-02,2.398818135261535645e-01,2.724776268005371094e-01,-7.218138873577117920e-02,1.473888456821441650e-01,2.225085794925689697e-01,8.608651757240295410e-01,1.207252219319343567e-01,1.037497997283935547e+00,2.058288455009460449e-01,-1.209508404135704041e-01,2.342202812433242798e-01,-5.830498784780502319e-02,-3.852556347846984863e-01,4.033802449703216553e-01,8.105049133300781250e-01,-4.546187072992324829e-02,-8.361101895570755005e-02,-1.731191724538803101e-01
-2.008442878723144531e-01,-3.857724666595458984e-01,7.666848897933959961e-01,1.267911195755004883e-01,4.967324808239936829e-02,-8.756383657455444336e-01,4.633724689483642578e-01,-8.196276426315307617e-01,3.500893479213118553e-03,2.028542757034301758e-01,5.702618360519409180e-01,-1.705082207918167114e-01,1.574387773871421814e-02,-7.418571971356868744e-03,1.817603711970150471e-03,-1.203186064958572388e-02,5.202128887176513672e-01,2.772143483161926270e-02,2.617999911308288574e-01,2.849065363407135010e-01,-6.707877665758132935e-02,1.359440833330154419e-01,2.691006064414978027e-01,8.472716212272644043e-01,1.315939277410507202e-01,1.102828264236450195e+00,2.427697777748107910e-01,-1.172711998224258423e-01,2.259199768304824829e-01,-1.609535142779350281e-02,-3.706525862216949463e-01,3.813184797763824463e-01,8.012141585350036621e-01,-4.523091763257980347e-02,-9.653701633214950562e-02,-2.162691056728363037e-01
-2.213047593832015991e-01,-4.250835776329040527e-01,7.652775049209594727e-01,1.132627949118614197e-01,5.091493949294090271e-02,-8.801203370094299316e-01,4.582219719886779785e-01,-7.503460049629211426e-01,-7.796629332005977631e-03,2.328049987554550171e-01,4.166836142539978027e-01,-4.708883166313171387e-02,-1.096984557807445526e-02,2.263222634792327881e-02,-2.640194259583950043e-02,-6.228179484605789185e-02,6.309832334518432617e-01,6.329578906297683716e-02,2.617999911308288574e-01,2.910519838333129883e-01,-6.495511531829833984e-02,1.181960478425025940e-01,3.175359666347503662e-01,8.194732069969177246e-01,1.479329466819763184e-01,1.170073866844177246e+00,2.862837314605712891e-01,-1.056765913963317871e-01,2.302256077527999878e-01,4.366770386695861816e-02,-3.554701507091522217e-01,3.611955940723419189e-01,8.149407505989074707e-01,-5.429995432496070862e-02,-1.060067787766456604e-01,-2.381647676229476929e-01
-2.392499297857284546e-01,-4.540202021598815918e-01,7.537503838539123535e-01,9.377414733171463013e-02,4.129757732152938843e-02,-8.847538828849792480e-01,4.546554088592529297e-01,-7.056589126586914062e-01,-3.581495583057403564e-02,2.669423818588256836e-01,4.489201009273529053e-01,-1.937539502978324890e-02,3.278571739792823792e-02,3.656102344393730164e-02,-8.794111013412475586e-02,-7.650159299373626709e-02,8.280946016311645508e-01,5.913936346769332886e-02,2.617999017238616943e-01,2.753709852695465088e-01,-7.397851347923278809e-02,1.044888421893119812e-01,3.635441362857818604e-01,8.016573190689086914e-01,1.606114357709884644e-01,1.222000598907470703e+00,3.130781352519989014e-01,-9.119975566864013672e-02,2.237323373556137085e-01,1.075061485171318054e-01,-3.330529630184173584e-01,3.474662601947784424e-01,8.544181585311889648e-01,-7.122003287076950073e-02,-1.074943616986274719e-01,-2.483909428119659424e-01
-2.594814896583557129e-01,-4.819309711456298828e-01,7.378256916999816895e-01,7.357945293188095093e-02,2.914986200630664825e-02,-8.853243589401245117e-01,4.581889808177947998e-01,-6.612915396690368652e-01,-7.186754792928695679e-02,2.785276174545288086e-01,5.452089905738830566e-01,-1.084558591246604919e-01,1.202386394143104553e-01,3.354333341121673584e-02,-1.407237797975540161e-01,-5.120081081986427307e-02,1.070658087730407715e+00,1.015897002071142197e-02,2.299904674291610718e-01,2.355379313230514526e-01,-9.294559061527252197e-02,1.060997843742370605e-01,3.904034197330474854e-01,7.915903329849243164e-01,1.619899123907089233e-01,1.255170106887817383e+00,3.249863982200622559e-01,-6.879537552595138550e-02,2.141754925251007080e-01,1.698988080024719238e-01,-3.013141751289367676e-01,3.302140533924102783e-01,9.051451086997985840e-01,-7.085797190666198730e-02,-9.742064774036407471e-02,-2.516434490680694580e-01
-2.775560617446899414e-01,-5.061872005462646484e-01,7.226644754409790039e-01,4.276643693447113037e-02,8.041223511099815369e-03,-8.848394155502319336e-01,4.638593792915344238e-01,-5.934552550315856934e-01,-9.901651740074157715e-02,2.820414006710052490e-01,6.755141019821166992e-01,-2.717972993850708008e-01,2.095459699630737305e-01,-4.370133858174085617e-03,-1.803591251373291016e-01,-1.476211356930434704e-03,1.321343779563903809e+00,-3.072231076657772064e-02,1.746730059385299683e-01,1.933366954326629639e-01,-1.089011132717132568e-01,1.382897198200225830e-01,3.744761049747467041e-01,8.023447394371032715e-01,1.601856946945190430e-01,1.263256669044494629e+00,3.244354128837585449e-01,-4.664798825979232788e-02,2.021493166685104370e-01,2.298392057418823242e-01,-2.714926302433013916e-01,3.206537961959838867e-01,9.677236080169677734e-01,-5.010030418634414673e-02,-8.156655728816986084e-02,-2.230025082826614380e-01
-2.940185666084289551e-01,-5.248120427131652832e-01,7.127074003219604492e-01,1.714071072638034821e-02,-4.259922076016664505e-03,-8.757462501525878906e-01,4.824484884738922119e-01,-5.476174950599670410e-01,-1.226563677191734314e-01,2.454404681921005249e-01,8.097918033599853516e-01,-4.139571785926818848e-01,2.617845535278320312e-01,-8.703761547803878784e-02,-1.885256618261337280e-01,4.829498752951622009e-02,1.512227058410644531e+00,-7.348057627677917480e-02,1.056721135973930359e-01,1.330832988023757935e-01,-1.199371367692947388e-01,1.777191460132598877e-01,2.910698652267456055e-01,8.041413426399230957e-01,1.027689799666404724e-01,1.245132088661193848e+00,3.140326142311096191e-01,-4.394252970814704895e-02,1.908396780490875244e-01,2.779867649078369141e-01,-2.297987490892410278e-01,3.191156983375549316e-01,1.070879220962524414e+00,-2.800201438367366791e-02,-5.464138835668563843e-02,-1.980988383293151855e-01
-3.052926063537597656e-01,-5.420916080474853516e-01,7.119393348693847656e-01,-8.251300081610679626e-03,-9.787339717149734497e-03,-8.638232946395874023e-01,5.036321878433227539e-01,-4.992707073688507080e-01,-1.321415305137634277e-01,2.081829160451889038e-01,8.981338739395141602e-01,-4.515650272369384766e-01,2.617999911308288574e-01,-2.335726916790008545e-01,-2.263283133506774902e-01,5.896815285086631775e-02,1.617330312728881836e+00,-1.734969317913055420e-01,2.247896604239940643e-02,6.706431508064270020e-02,-9.966473281383514404e-02,2.207550108432769775e-01,1.685608923435211182e-01,7.972276806831359863e-01,1.814315281808376312e-02,1.199512720108032227e+00,3.118740618228912354e-01,-3.439299389719963074e-02,1.817643642425537109e-01,3.091097474098205566e-01,-2.138730883598327637e-01,3.157125115394592285e-01,1.133737087249755859e+00,-2.532049268484115601e-02,-2.710820734500885010e-02,-1.647099107503890991e-01
-3.091780245304107666e-01,-5.542593598365783691e-01,7.187379598617553711e-01,-3.216757997870445251e-02,-1.015775278210639954e-02,-8.503890037536621094e-01,5.250719785690307617e-01,-4.609797596931457520e-01,-1.330843269824981689e-01,1.792511343955993652e-01,9.597919583320617676e-01,-4.115334153175354004e-01,2.261196970939636230e-01,-4.165700078010559082e-01,-2.640160918235778809e-01,5.526153370738029480e-02,1.599312663078308105e+00,-2.587258219718933105e-01,-3.425272554159164429e-02,-2.242418006062507629e-03,-5.698226019740104675e-02,2.590745687484741211e-01,1.891215506475418806e-04,7.663124799728393555e-01,-1.041033565998077393e-01,1.130096077919006348e+00,3.042297363281250000e-01,-4.433639347553253174e-02,1.617016941308975220e-01,3.222180902957916260e-01,-2.237045466899871826e-01,3.136686384677886963e-01,1.157756805419921875e+00,-6.397268921136856079e-02,-9.499091655015945435e-03,-1.249921545386314392e-01
-3.159321844577789307e-01,-5.570229887962341309e-01,7.303113937377929688e-01,-6.336188316345214844e-02,-6.626436486840248108e-03,-8.386573195457458496e-01,5.409207344055175781e-01,-4.145998656749725342e-01,-8.321190625429153442e-02,1.729426980018615723e-01,1.000237703323364258e+00,-3.699915707111358643e-01,1.852051764726638794e-01,-5.860794782638549805e-01,-2.802992463111877441e-01,-1.539630629122257233e-02,1.392806172370910645e+00,-3.133922219276428223e-01,-3.961090743541717529e-02,-6.477677077054977417e-02,-7.507496979087591171e-03,2.858995199203491211e-01,-1.557255536317825317e-01,7.280195355415344238e-01,-2.252561151981353760e-01,1.051144361495971680e+00,3.043536543846130371e-01,-5.718309804797172546e-02,1.625986248254776001e-01,3.316586911678314209e-01,-2.567495703697204590e-01,3.324683904647827148e-01,1.165100455284118652e+00,-1.293996870517730713e-01,-3.782166400924324989e-03,-8.784227818250656128e-02
-3.227051496505737305e-01,-5.592370033264160156e-01,7.416869401931762695e-01,-7.446856796741485596e-02,-3.704510862007737160e-03,-8.254676461219787598e-01,5.595032572746276855e-01,-3.648138046264648438e-01,-9.271102398633956909e-02,1.426468342542648315e-01,9.813843369483947754e-01,-4.139213860034942627e-01,1.647870987653732300e-01,-7.168507575988769531e-01,-2.317859381437301636e-01,-4.456760734319686890e-02,1.186398029327392578e+00,-1.935284435749053955e-01,1.738736405968666077e-02,-1.237622052431106567e-01,3.268751502037048340e-02,3.095775842666625977e-01,-3.016004860401153564e-01,6.872007250785827637e-01,-3.382705152034759521e-01,9.495945572853088379e-01,3.222358822822570801e-01,-7.763628661632537842e-02,1.470561027526855469e-01,3.501446247100830078e-01,-2.693236768245697021e-01,3.172047138214111328e-01,1.189900636672973633e+00,-1.537449806928634644e-01,-4.778613802045583725e-03,-4.085928574204444885e-02
-3.286273479461669922e-01,-5.765618681907653809e-01,7.524740695953369141e-01,-7.817704230546951294e-02,1.472088135778903961e-02,-8.161432743072509766e-01,5.723476409912109375e-01,-3.338687717914581299e-01,-9.869676828384399414e-02,8.869371563196182251e-02,9.623509049415588379e-01,-4.630677402019500732e-01,1.437018066644668579e-01,-8.362519145011901855e-01,-1.924481540918350220e-01,-9.751524031162261963e-02,9.727778434753417969e-01,-5.936422571539878845e-02,6.960787624120712280e-02,-1.407534927129745483e-01,7.736870646476745605e-02,3.035725355148315430e-01,-4.357819557189941406e-01,6.298247575759887695e-01,-4.178022444248199463e-01,8.716647624969482422e-01,3.555383980274200439e-01,-8.294963836669921875e-02,1.675122082233428955e-01,3.787448704242706299e-01,-2.769779860973358154e-01,2.941976487636566162e-01,1.200242996215820312e+00,-1.874879598617553711e-01,3.139500040560960770e-03,1.705387793481349945e-02
-3.347749114036560059e-01,-5.771987438201904297e-01,7.626864910125732422e-01,-7.378529012203216553e-02,2.803268656134605408e-02,-8.157815933227539062e-01,5.729488134384155273e-01,-3.222202956676483154e-01,-9.055850654840469360e-02,4.063000902533531189e-02,9.066677689552307129e-01,-4.625819027423858643e-01,9.538946300745010376e-02,-9.249797463417053223e-01,-1.310440748929977417e-01,-1.524443030357360840e-01,7.195376157760620117e-01,4.295634850859642029e-02,1.168991923332214355e-01,-1.383375525474548340e-01,1.221723333001136780e-01,2.824753820896148682e-01,-5.290452241897583008e-01,5.847265720367431641e-01,-4.672795236110687256e-01,7.765376567840576172e-01,3.642952144145965576e-01,-1.011876240372657776e-01,1.760991215705871582e-01,3.988514840602874756e-01,-2.871645390987396240e-01,2.735973596572875977e-01,1.220340847969055176e+00,-2.141521722078323364e-01,1.729278266429901123e-02,4.057752341032028198e-02
-3.419468104839324951e-01,-5.953260660171508789e-01,7.700856924057006836e-01,-6.953199952840805054e-02,2.970203943550586700e-02,-8.133575916290283203e-01,5.768296718597412109e-01,-2.837083339691162109e-01,-9.221338480710983276e-02,1.816729083657264709e-02,8.370408415794372559e-01,-4.543905556201934814e-01,6.178215518593788147e-02,-9.659256339073181152e-01,-1.140363961458206177e-01,-1.905615627765655518e-01,5.593418478965759277e-01,1.004933863878250122e-01,1.561224162578582764e-01,-1.439941078424453735e-01,1.483664363622665405e-01,2.698804736137390137e-01,-6.225920319557189941e-01,5.526224374771118164e-01,-5.344586372375488281e-01,7.028847932815551758e-01,4.014285206794738770e-01,-1.213202998042106628e-01,1.622187793254852295e-01,4.083079993724822998e-01,-2.866836488246917725e-01,2.616517841815948486e-01,1.237806677818298340e+00,-2.411378473043441772e-01,2.063834108412265778e-02,6.387948244810104370e-02
-3.497720658779144287e-01,-5.999250411987304688e-01,7.765446305274963379e-01,-6.596869230270385742e-02,3.644162788987159729e-02,-8.052179217338562012e-01,5.881702303886413574e-01,-2.541520297527313232e-01,-8.386768400669097900e-02,1.431020325981080532e-03,8.012775778770446777e-01,-4.562273025512695312e-01,4.844849184155464172e-02,-9.843890666961669922e-01,-1.052725911140441895e-01,-1.950615793466567993e-01,4.898664653301239014e-01,1.618437319993972778e-01,1.785180121660232544e-01,-1.604630947113037109e-01,1.661407351493835449e-01,2.600160837173461914e-01,-6.900313496589660645e-01,5.330700278282165527e-01,-5.848388075828552246e-01,6.159220933914184570e-01,4.057918488979339600e-01,-1.389835625886917114e-01,1.475098878145217896e-01,4.118323326110839844e-01,-3.005548417568206787e-01,2.696681916713714600e-01,1.244106888771057129e+00,-2.473761588335037231e-01,2.425794303417205811e-02,9.269986301660537720e-02
-3.573108911514282227e-01,-6.048247218132019043e-01,7.833565473556518555e-01,-6.314089894294738770e-02,3.503330424427986145e-02,-7.973658442497253418e-01,5.991607904434204102e-01,-2.210772037506103516e-01,-8.388435095548629761e-02,2.860583597794175148e-03,7.795687317848205566e-01,-4.378120899200439453e-01,2.715962007641792297e-02,-9.803549051284790039e-01,-1.067254617810249329e-01,-1.919354796409606934e-01,4.792895913124084473e-01,2.167484462261199951e-01,2.049003988504409790e-01,-1.680260002613067627e-01,1.754218339920043945e-01,2.473371475934982300e-01,-7.294562458992004395e-01,5.219318866729736328e-01,-6.245291233062744141e-01,5.028749108314514160e-01,4.293968379497528076e-01,-1.667766422033309937e-01,1.360654383897781372e-01,4.039664864540100098e-01,-3.074620664119720459e-01,2.659626007080078125e-01,1.258440971374511719e+00,-2.658548951148986816e-01,1.922544650733470917e-02,1.149694323539733887e-01
-3.644046783447265625e-01,-6.094725728034973145e-01,7.921577095985412598e-01,-5.634088441729545593e-02,3.913288936018943787e-02,-7.882562875747680664e-01,6.115115284919738770e-01,-2.139369994401931763e-01,-8.206201344728469849e-02,3.755879821255803108e-03,7.807347774505615234e-01,-4.076594412326812744e-01,8.346449583768844604e-03,-9.671174883842468262e-01,-1.011758595705032349e-01,-1.851300746202468872e-01,4.994756579399108887e-01,2.442716211080551147e-01,2.297815978527069092e-01,-1.735981106758117676e-01,1.821262985467910767e-01,2.194824516773223877e-01,-7.551548480987548828e-01,5.407629013061523438e-01,-6.558666229248046875e-01,3.711445033550262451e-01,4.188197255134582520e-01,-1.965727657079696655e-01,1.234693080186843872e-01,3.925397694110870361e-01,-3.219609558582305908e-01,2.588540911674499512e-01,1.260357141494750977e+00,-2.630704939365386963e-01,1.191434357315301895e-02,1.260181963443756104e-01
-3.705571591854095459e-01,-6.132841110229492188e-01,8.023493289947509766e-01,-4.870653152465820312e-02,4.046948626637458801e-02,-7.806978225708007812e-01,6.216919422149658203e-01,-2.175864130258560181e-01,-7.586383074522018433e-02,9.769558906555175781e-03,7.949755191802978516e-01,-3.692952096462249756e-01,-9.250539354979991913e-03,-9.310562610626220703e-01,-8.828119933605194092e-02,-1.772815734148025513e-01,5.210936069488525391e-01,2.805826663970947266e-01,2.600564658641815186e-01,-1.700628846883773804e-01,1.815374493598937988e-01,1.843604296445846558e-01,-7.514138221740722656e-01,5.745248198509216309e-01,-6.608431339263916016e-01,2.424366176128387451e-01,4.101443886756896973e-01,-2.345543354749679565e-01,1.330410242080688477e-01,3.856898248195648193e-01,-3.267843723297119141e-01,2.484382092952728271e-01,1.265416860580444336e+00,-2.537701427936553955e-01,-2.676815493032336235e-04,1.328856647014617920e-01
-3.794339001178741455e-01,-6.328627467155456543e-01,8.122084140777587891e-01,-4.480416327714920044e-02,4.522512480616569519e-02,-7.721126675605773926e-01,6.322889328002929688e-01,-2.433962076902389526e-01,-5.737954005599021912e-02,2.198358252644538879e-02,8.397851586341857910e-01,-3.413166105747222900e-01,-2.845178544521331787e-02,-8.826525807380676270e-01,-5.779330059885978699e-02,-1.696269363164901733e-01,5.597385764122009277e-01,3.114619851112365723e-01,2.617999911308288574e-01,-1.596790105104446411e-01,1.874488294124603271e-01,1.471785902976989746e-01,-7.166125178337097168e-01,6.044344305992126465e-01,-6.496027112007141113e-01,1.369567066431045532e-01,3.797005414962768555e-01,-2.642118632793426514e-01,1.302787661552429199e-01,3.769296407699584961e-01,-3.264807164669036865e-01,2.289809435606002808e-01,1.259667277336120605e+00,-2.290372699499130249e-01,-4.699954297393560410e-03,1.296303421258926392e-01
-3.900054395198822021e-01,-6.380259394645690918e-01,8.193586468696594238e-01,-4.518316686153411865e-02,5.430381000041961670e-02,-7.595794200897216797e-01,6.465668082237243652e-01,-2.783976197242736816e-01,-1.881997846066951752e-02,2.998054400086402893e-02,9.223463535308837891e-01,-3.283882737159729004e-01,-7.342053949832916260e-02,-8.050680756568908691e-01,-9.209683630615472794e-04,-1.587433665990829468e-01,5.671582221984863281e-01,3.620218038558959961e-01,2.617999911308288574e-01,-1.625555604696273804e-01,2.089054733514785767e-01,1.303953379392623901e-01,-6.613371372222900391e-01,6.344515085220336914e-01,-6.263598203659057617e-01,4.272802174091339111e-02,3.445465862751007080e-01,-2.894096374511718750e-01,9.819537401199340820e-02,3.801190853118896484e-01,-3.411500751972198486e-01,2.071007937192916870e-01,1.229747295379638672e+00,-1.765988320112228394e-01,-2.191596478223800659e-02,1.486945152282714844e-01
-3.960046768188476562e-01,-6.443070173263549805e-01,8.173207640647888184e-01,-4.416336119174957275e-02,6.122285872697830200e-02,-7.494132518768310547e-01,6.577849984169006348e-01,-3.282008171081542969e-01,1.084380876272916794e-02,4.872778430581092834e-02,1.075978517532348633e+00,-3.273138403892517090e-01,-1.067092642188072205e-01,-7.192682027816772461e-01,3.601752966642379761e-02,-1.398161351680755615e-01,5.808689594268798828e-01,3.660512566566467285e-01,2.617999911308288574e-01,-1.586677879095077515e-01,2.187594026327133179e-01,1.187757477164268494e-01,-5.771250724792480469e-01,6.463024020195007324e-01,-5.989385843276977539e-01,-2.558594569563865662e-02,3.061168491840362549e-01,-3.085593581199645996e-01,4.927263781428337097e-02,3.693237900733947754e-01,-3.482536375522613525e-01,1.851755082607269287e-01,1.208060145378112793e+00,-1.341631263494491577e-01,-3.742362931370735168e-02,1.526254117488861084e-01
-3.950131535530090332e-01,-6.511734724044799805e-01,8.047121167182922363e-01,-3.804435208439826965e-02,5.764231085777282715e-02,-7.355931401252746582e-01,6.738937497138977051e-01,-3.844852149486541748e-01,3.410727158188819885e-02,6.995999813079833984e-02,1.288169145584106445e+00,-3.406747877597808838e-01,-1.196606159210205078e-01,-6.479694843292236328e-01,3.085568919777870178e-02,-8.934836089611053467e-02,6.252661943435668945e-01,3.047426640987396240e-01,2.617999911308288574e-01,-1.644946336746215820e-01,2.078247517347335815e-01,1.046862378716468811e-01,-4.946468472480773926e-01,6.426541209220886230e-01,-5.996314287185668945e-01,-3.778551891446113586e-02,2.605735659599304199e-01,-3.030445873737335205e-01,1.258908025920391083e-02,3.580946922302246094e-01,-3.459770381450653076e-01,1.758736073970794678e-01,1.195084929466247559e+00,-1.034044399857521057e-01,-3.734215348958969116e-02,1.419979929924011230e-01
-3.904720246791839600e-01,-6.541887521743774414e-01,7.853093147277832031e-01,-1.919296756386756897e-02,5.254532024264335632e-02,-7.278817296028137207e-01,6.834169626235961914e-01,-4.558394551277160645e-01,5.811649188399314880e-02,9.151446819305419922e-02,1.474691748619079590e+00,-3.840241432189941406e-01,-1.089669167995452881e-01,-6.197299361228942871e-01,-1.891204528510570526e-02,-7.291120290756225586e-02,6.766027808189392090e-01,7.079925388097763062e-02,2.024112641811370850e-01,-1.680174469947814941e-01,1.735613346099853516e-01,9.326975047588348389e-02,-4.068554341793060303e-01,6.224972605705261230e-01,-5.962344408035278320e-01,3.006475791335105896e-02,2.426726222038269043e-01,-2.719869017601013184e-01,1.132765319198369980e-02,3.290538787841796875e-01,-3.472907841205596924e-01,1.792601794004440308e-01,1.177377462387084961e+00,-6.419192999601364136e-02,-2.954507805407047272e-02,1.034736782312393188e-01
-3.891133368015289307e-01,-6.513283848762512207e-01,7.652087807655334473e-01,-3.976270556449890137e-03,5.928681790828704834e-02,-7.278685569763183594e-01,6.831373572349548340e-01,-5.209847688674926758e-01,1.320388466119766235e-01,7.623407989740371704e-02,1.647463679313659668e+00,-4.298533201217651367e-01,-7.194417715072631836e-02,-6.345776319503784180e-01,-2.147269435226917267e-02,-5.739997327327728271e-02,7.509253621101379395e-01,-1.942115873098373413e-01,1.160938143730163574e-01,-1.588080525398254395e-01,1.441070288419723511e-01,8.608353137969970703e-02,-3.346351385116577148e-01,6.003490090370178223e-01,-5.989992618560791016e-01,1.046445742249488831e-01,2.580171227455139160e-01,-2.544922530651092529e-01,-7.242386229336261749e-03,2.798369824886322021e-01,-3.481903970241546631e-01,1.887890547513961792e-01,1.169930815696716309e+00,-5.650982633233070374e-02,-2.226228453218936920e-02,7.568681985139846802e-02
-3.849183022975921631e-01,-6.422971487045288086e-01,7.503438591957092285e-01,1.369869802147150040e-02,5.733142048120498657e-02,-7.329296469688415527e-01,6.777459383010864258e-01,-5.989999175071716309e-01,1.673959046602249146e-01,5.381223186850547791e-02,1.713309884071350098e+00,-4.844953417778015137e-01,-6.369298323988914490e-03,-6.932649612426757812e-01,-3.278354927897453308e-02,-7.925157435238361359e-03,8.195924162864685059e-01,-3.132501840591430664e-01,9.221964329481124878e-02,-1.841271817684173584e-01,1.152675449848175049e-01,1.020418480038642883e-01,-2.881075739860534668e-01,5.697450637817382812e-01,-5.661950707435607910e-01,2.430203408002853394e-01,2.869882583618164062e-01,-2.321882545948028564e-01,4.987179767340421677e-03,1.751417517662048340e-01,-3.623409271240234375e-01,2.077924311161041260e-01,1.162567019462585449e+00,-4.877917096018791199e-02,-2.003913000226020813e-02,5.603251978754997253e-02
-3.761690855026245117e-01,-6.449591517448425293e-01,7.431020140647888184e-01,2.207390777766704559e-02,5.070470646023750305e-02,-7.559224963188171387e-01,6.523212194442749023e-01,-6.350389719009399414e-01,1.615720093250274658e-01,1.335608959197998047e-02,1.686639189720153809e+00,-5.613294243812561035e-01,4.530005156993865967e-02,-7.377610802650451660e-01,2.594579418655484915e-04,9.596759825944900513e-02,8.743352293968200684e-01,-3.356771767139434814e-01,1.163307726383209229e-01,-1.822360455989837646e-01,7.472189515829086304e-02,1.346806585788726807e-01,-2.430633604526519775e-01,5.142832994461059570e-01,-5.139598250389099121e-01,4.418813884258270264e-01,2.959071397781372070e-01,-1.987849920988082886e-01,4.157304763793945312e-02,4.107442498207092285e-02,-3.760886192321777344e-01,2.495054900646209717e-01,1.143160939216613770e+00,-2.859070524573326111e-02,-3.453216701745986938e-02,2.325043454766273499e-02
-3.616403937339782715e-01,-6.454697251319885254e-01,7.454324960708618164e-01,2.895753644406795502e-02,4.879342019557952881e-02,-7.890073060989379883e-01,6.117582321166992188e-01,-6.549478769302368164e-01,1.487966030836105347e-01,2.565230010077357292e-03,1.562782168388366699e+00,-5.987359881401062012e-01,7.933016866445541382e-02,-7.627765536308288574e-01,4.388771206140518188e-02,1.813520789146423340e-01,8.316772580146789551e-01,-2.442532777786254883e-01,1.869806200265884399e-01,-1.648751050233840942e-01,5.993198975920677185e-02,1.704244166612625122e-01,-2.241099178791046143e-01,4.811925590038299561e-01,-4.555889964103698730e-01,6.061220765113830566e-01,2.958086133003234863e-01,-1.897351443767547607e-01,8.097519725561141968e-02,-9.174962341785430908e-02,-4.061383008956909180e-01,2.536183297634124756e-01,1.069529175758361816e+00,8.739235810935497284e-03,-6.874675303697586060e-02,-3.989757969975471497e-02
-3.434742391109466553e-01,-6.453980207443237305e-01,7.543933987617492676e-01,4.263987019658088684e-02,5.237206816673278809e-02,-8.242342472076416016e-01,5.622072219848632812e-01,-6.641003489494323730e-01,1.235500425100326538e-01,7.217562757432460785e-03,1.409046888351440430e+00,-6.484934091567993164e-01,1.101383864879608154e-01,-7.900568842887878418e-01,8.861201256513595581e-02,2.523063421249389648e-01,7.556669116020202637e-01,-1.358147710561752319e-01,2.439323663711547852e-01,-1.476873755455017090e-01,5.331014096736907959e-02,2.073298543691635132e-01,-2.244246751070022583e-01,4.703884422779083252e-01,-3.835767507553100586e-01,7.224426865577697754e-01,2.547993063926696777e-01,-1.716204434633255005e-01,8.608346432447433472e-02,-2.110561728477478027e-01,-4.354170262813568115e-01,2.392012774944305420e-01,9.136490225791931152e-01,8.506939560174942017e-02,-1.199945434927940369e-01,-1.101364567875862122e-01
-3.265591561794281006e-01,-6.468887329101562500e-01,7.643191814422607422e-01,5.292154476046562195e-02,5.842816457152366638e-02,-8.483173251152038574e-01,5.235868096351623535e-01,-6.673167943954467773e-01,1.093057096004486084e-01,1.015185657888650894e-02,1.299468398094177246e+00,-6.615483164787292480e-01,1.157457903027534485e-01,-8.109405040740966797e-01,1.164244264364242554e-01,2.566287219524383545e-01,7.130467891693115234e-01,-8.228113502264022827e-02,2.617999911308288574e-01,-1.386258304119110107e-01,5.261892825365066528e-02,2.319058924913406372e-01,-2.230255156755447388e-01,4.693545103073120117e-01,-3.120382726192474365e-01,8.030537962913513184e-01,2.281212210655212402e-01,-1.634724289178848267e-01,1.128663942217826843e-01,-2.950049936771392822e-01,-4.463605284690856934e-01,2.157209962606430054e-01,7.181466221809387207e-01,1.479780972003936768e-01,-1.582441329956054688e-01,-1.892303824424743652e-01
-3.122397065162658691e-01,-6.492972970008850098e-01,7.712888121604919434e-01,5.936444550752639771e-02,6.558201462030410767e-02,-8.630323410034179688e-01,4.973429739475250244e-01,-6.667487621307373047e-01,1.157161369919776917e-01,2.348230779170989990e-02,1.234660148620605469e+00,-6.507517099380493164e-01,1.305497288703918457e-01,-8.200435042381286621e-01,1.212479174137115479e-01,2.256247550249099731e-01,7.238694429397583008e-01,-1.115372776985168457e-01,2.617999911308288574e-01,-1.358334720134735107e-01,5.527495592832565308e-02,2.268089056015014648e-01,-2.123253643512725830e-01,4.642429947853088379e-01,-2.403529435396194458e-01,8.579457402229309082e-01,1.709380447864532471e-01,-1.714625805616378784e-01,1.441081166267395020e-01,-3.340761661529541016e-01,-4.354358613491058350e-01,2.101487964391708374e-01,4.331728518009185791e-01,1.756159663200378418e-01,-2.073939740657806396e-01,-2.311322689056396484e-01
