-8.945848792791366577e-03,-3.140635043382644653e-02,5.076667070388793945e-01,5.345100909471511841e-02,-2.941100299358367920e-02,-8.263850212097167969e-01,5.597908496856689453e-01,-4.234717693179845810e-03,3.550919294357299805e-01,-9.137861430644989014e-03,-1.352369070053100586e+00,5.221652984619140625e-01,-7.146348357200622559e-01,1.251963526010513306e-01,1.262832283973693848e+00,2.969991862773895264e-01,4.458818733692169189e-01,-6.419146060943603516e-02,-1.705274283885955811e-01,1.348022818565368652e-01,2.938840389251708984e-01,-2.025033980607986450e-01,1.586997210979461670e-01,-4.395962655544281006e-01,-1.186447143554687500e-01,-2.368339598178863525e-01,4.765641093254089355e-01,-5.047775804996490479e-02,3.303768113255500793e-02
-4.013917874544858932e-03,-3.413689136505126953e-02,5.065772533416748047e-01,5.297545343637466431e-02,-3.004374913871288300e-02,-8.282728195190429688e-01,5.570055246353149414e-01,8.737503550946712494e-03,3.625702857971191406e-01,-4.830537363886833191e-02,-1.336573719978332520e+00,5.326148271560668945e-01,-7.722774744033813477e-01,1.306810677051544189e-01,1.258914828300476074e+00,2.940342426300048828e-01,4.353646039962768555e-01,-5.071494728326797485e-02,-1.836911439895629883e-01,1.734753996133804321e-01,2.771807312965393066e-01,-2.107905745506286621e-01,1.753156930208206177e-01,-4.874146580696105957e-01,-1.329012662172317505e-01,-2.380906492471694946e-01,5.430313944816589355e-01,-4.907925799489021301e-02,3.161828592419624329e-02
-8.516521775163710117e-04,-4.220499843358993530e-02,5.068783760070800781e-01,5.455581471323966980e-02,-2.978292107582092285e-02,-8.252401947975158691e-01,5.613512396812438965e-01,-9.276546537876129150e-03,3.825544118881225586e-01,-9.678564220666885376e-02,-1.302251577377319336e+00,5.481401085853576660e-01,-8.822802901268005371e-01,1.467144638299942017e-01,1.254868745803833008e+00,2.738314568996429443e-01,4.245816171169281006e-01,-2.993459813296794891e-02,-1.998409777879714966e-01,1.717577725648880005e-01,2.571394145488739014e-01,-1.942544132471084595e-01,1.750796437263488770e-01,-5.186210274696350098e-01,-1.553571224212646484e-01,-2.520352005958557129e-01,6.095060706138610840e-01,-4.606577008962631226e-02,3.802506253123283386e-02
-4.734660964459180832e-03,-5.582971498370170593e-02,5.072063207626342773e-01,5.593071877956390381e-02,-2.620479278266429901e-02,-8.167279958724975586e-01,5.737075805664062500e-01,-4.185047745704650879e-02,4.061174094676971436e-01,-1.416022926568984985e-01,-1.258069992065429688e+00,5.584006905555725098e-01,-1.010385632514953613e+00,1.642832607030868530e-01,1.252143144607543945e+00,2.470831125974655151e-01,4.142348766326904297e-01,-7.441634777933359146e-03,-1.949723809957504272e-01,1.819392889738082886e-01,2.501931190490722656e-01,-1.453126966953277588e-01,1.804848164319992065e-01,-5.341920852661132812e-01,-1.644229739904403687e-01,-2.592455148696899414e-01,6.598394513130187988e-01,-3.017370589077472687e-02,4.514894261956214905e-02
-1.272923871874809265e-02,-6.990005075931549072e-02,5.071046352386474609e-01,5.905201658606529236e-02,-2.254640683531761169e-02,-8.108999729156494141e-01,5.817608833312988281e-01,-7.734034210443496704e-02,4.312945902347564697e-01,-1.873395144939422607e-01,-1.203507900238037109e+00,5.608137249946594238e-01,-1.164435505867004395e+00,1.819265782833099365e-01,1.253436684608459473e+00,2.294818907976150513e-01,4.220827221870422363e-01,1.146269205491989851e-04,-1.979375481605529785e-01,1.485300958156585693e-01,2.527987658977508545e-01,-7.051528245210647583e-02,1.616477370262145996e-01,-5.392763614654541016e-01,-1.417172998189926147e-01,-2.528879046440124512e-01,6.868531703948974609e-01,-1.838010852225124836e-03,5.467024818062782288e-02
-2.290036529302597046e-02,-8.365605026483535767e-02,5.056501626968383789e-01,6.287272274494171143e-02,-2.089181542396545410e-02,-8.084189891815185547e-01,5.848668813705444336e-01,-9.598112106323242188e-02,4.346116483211517334e-01,-2.114428281784057617e-01,-1.143296122550964355e+00,5.652232766151428223e-01,-1.255039930343627930e+00,1.921840906143188477e-01,1.253459692001342773e+00,2.264785319566726685e-01,4.276064038276672363e-01,-1.433028373867273331e-02,-2.058736979961395264e-01,9.661068767309188843e-02,2.777550816535949707e-01,1.889687404036521912e-02,1.188169643282890320e-01,-5.207245349884033203e-01,-1.036680340766906738e-01,-2.397984415292739868e-01,6.816795468330383301e-01,4.087477177381515503e-02,4.906317964196205139e-02
-3.345009684562683105e-02,-9.766822308301925659e-02,5.025377273559570312e-01,6.167221814393997192e-02,-1.762253046035766602e-02,-8.059164285659790039e-01,5.885445475578308105e-01,-1.018654480576515198e-01,4.344303011894226074e-01,-2.258379161357879639e-01,-1.073828220367431641e+00,5.635924339294433594e-01,-1.331154584884643555e+00,1.989996582269668579e-01,1.247940897941589355e+00,2.331136614084243774e-01,4.391776025295257568e-01,-5.360371246933937073e-02,-2.100198417901992798e-01,5.549888312816619873e-02,3.572624623775482178e-01,8.561411499977111816e-02,8.310464024543762207e-02,-4.799054861068725586e-01,-6.242482364177703857e-02,-2.218515425920486450e-01,6.589336991310119629e-01,7.458748668432235718e-02,4.450679570436477661e-02
-4.611637070775032043e-02,-1.103712618350982666e-01,4.978857636451721191e-01,5.917749553918838501e-02,-1.492661703377962112e-02,-8.058323264122009277e-01,5.889902114868164062e-01,-8.162341266870498657e-02,4.318348765373229980e-01,-1.984511911869049072e-01,-9.957761764526367188e-01,5.364540219306945801e-01,-1.361036181449890137e+00,2.005378007888793945e-01,1.240215539932250977e+00,2.453166693449020386e-01,4.721532464027404785e-01,-1.232082173228263855e-01,-1.942473053932189941e-01,5.412523820996284485e-02,5.188256502151489258e-01,1.194133013486862183e-01,5.825411155819892883e-02,-4.308266341686248779e-01,-2.567387558519840240e-02,-2.112316638231277466e-01,6.326945424079895020e-01,3.587596490979194641e-02,1.139991171658039093e-02
-6.102035567164421082e-02,-1.214379295706748962e-01,4.924778640270233154e-01,5.216474086046218872e-02,-8.206621743738651276e-03,-8.077697157859802246e-01,5.871282219886779785e-01,-4.317392408847808838e-02,4.284020662307739258e-01,-1.356568187475204468e-01,-9.058644175529479980e-01,5.040087699890136719e-01,-1.336739659309387207e+00,1.884077489376068115e-01,1.232321262359619141e+00,2.644513845443725586e-01,4.922633469104766846e-01,-2.313954532146453857e-01,-1.430770456790924072e-01,7.121445983648300171e-02,7.788320183753967285e-01,1.228222176432609558e-01,3.769665956497192383e-02,-3.842359483242034912e-01,2.229307219386100769e-02,-2.073207497596740723e-01,6.297218203544616699e-01,-1.062980741262435913e-01,-6.426931172609329224e-02
-7.563498616218566895e-02,-1.338504701852798462e-01,4.876642823219299316e-01,4.873536527156829834e-02,-1.076535554602742195e-03,-8.154606223106384277e-01,5.767562389373779297e-01,1.434299442917108536e-02,4.209919273853302002e-01,-2.503467351198196411e-02,-8.155871033668518066e-01,4.251575767993927002e-01,-1.260145068168640137e+00,1.601515114307403564e-01,1.226054787635803223e+00,3.018849790096282959e-01,4.984561502933502197e-01,-3.537926673889160156e-01,-6.864529848098754883e-02,1.008414551615715027e-01,1.021662831306457520e+00,6.342691183090209961e-02,4.827259108424186707e-02,-3.490853607654571533e-01,7.439240813255310059e-02,-1.938859373331069946e-01,6.383974552154541016e-01,-2.451945841312408447e-01,-1.195129454135894775e-01
-8.770476281642913818e-02,-1.497741192579269409e-01,4.843038022518157959e-01,4.546987637877464294e-02,8.365274406969547272e-04,-8.226835727691650391e-01,5.666776299476623535e-01,8.235853165388107300e-02,4.276047348976135254e-01,1.133321821689605713e-01,-7.634699940681457520e-01,2.753646373748779297e-01,-1.151644706726074219e+00,1.214994043111801147e-01,1.220537304878234863e+00,3.739506006240844727e-01,5.081873536109924316e-01,-4.637479186058044434e-01,-4.195922520011663437e-03,1.177510619163513184e-01,1.162051796913146973e+00,-1.475585531443357468e-02,8.087826520204544067e-02,-2.997394800186157227e-01,1.070999428629875183e-01,-1.751559823751449585e-01,6.378859877586364746e-01,-3.289906382560729980e-01,-1.428457349538803101e-01
-1.006433740258216858e-01,-1.599936634302139282e-01,4.859003126621246338e-01,4.076161608099937439e-02,-6.074551027268171310e-03,-8.345328569412231445e-01,5.494146943092346191e-01,1.322977095842361450e-01,4.571538567543029785e-01,2.793757319450378418e-01,-7.293569445610046387e-01,5.895002558827400208e-02,-1.016801834106445312e+00,8.543640375137329102e-02,1.206105232238769531e+00,4.802570641040802002e-01,5.423778891563415527e-01,-5.590611696243286133e-01,2.874953858554363251e-02,1.158997416496276855e-01,1.185682058334350586e+00,-9.104868769645690918e-02,1.141531169414520264e-01,-2.317257225513458252e-01,1.336525827646255493e-01,-1.354261636734008789e-01,6.018545031547546387e-01,-3.622884154319763184e-01,-1.350083798170089722e-01
-1.156496256589889526e-01,-1.747791618108749390e-01,4.919185638427734375e-01,4.778403416275978088e-02,-5.418114364147186279e-03,-8.532366156578063965e-01,5.193020105361938477e-01,2.090399712324142456e-01,4.796109497547149658e-01,4.847961366176605225e-01,-7.377099990844726562e-01,-1.789860278367996216e-01,-8.913190960884094238e-01,5.287325754761695862e-02,1.188567757606506348e+00,5.926924347877502441e-01,6.013746261596679688e-01,-6.391139626502990723e-01,3.057305328547954559e-02,1.146563887596130371e-01,1.137154579162597656e+00,-1.224647089838981628e-01,1.346373558044433594e-01,-1.504004597663879395e-01,1.473502963781356812e-01,-9.094407409429550171e-02,5.068714618682861328e-01,-3.082459270954132080e-01,-9.396235644817352295e-02
-1.232597902417182922e-01,-1.958217769861221313e-01,5.025660395622253418e-01,5.762610584497451782e-02,4.909816663712263107e-03,-8.596469163894653320e-01,5.076044797897338867e-01,2.096094638109207153e-01,5.069277286529541016e-01,6.086891293525695801e-01,-7.515087723731994629e-01,-3.386627137660980225e-01,-7.605456709861755371e-01,5.016242340207099915e-02,1.160473346710205078e+00,6.423540115356445312e-01,7.012444138526916504e-01,-7.011966109275817871e-01,2.584422752261161804e-02,1.344315260648727417e-01,9.943244457244873047e-01,-1.221139803528785706e-01,1.252600699663162231e-01,-3.451321646571159363e-02,1.492392420768737793e-01,-3.968957439064979553e-02,3.367021083831787109e-01,-1.949684470891952515e-01,-1.943134702742099762e-02
-1.274695396423339844e-01,-2.109086662530899048e-01,5.112723708152770996e-01,6.263537704944610596e-02,1.087410375475883484e-02,-8.718650341033935547e-01,4.856026470661163330e-01,2.394238114356994629e-01,5.176733732223510742e-01,7.041240930557250977e-01,-8.042140007019042969e-01,-4.673983454704284668e-01,-6.322598457336425781e-01,3.661061078310012817e-02,1.152688741683959961e+00,7.064026594161987305e-01,7.252038717269897461e-01,-7.384679913520812988e-01,8.502217009663581848e-03,1.367172002792358398e-01,7.728012204170227051e-01,-4.219342395663261414e-02,1.134336888790130615e-01,6.149851903319358826e-02,1.345920711755752563e-01,-2.118416689336299896e-02,1.886909306049346924e-01,5.547684058547019958e-02,6.330492347478866577e-02
-1.317535787820816040e-01,-2.280348390340805054e-01,5.161707401275634766e-01,6.206520274281501770e-02,2.172155864536762238e-02,-8.779207468032836914e-01,4.742691218852996826e-01,2.782097458839416504e-01,5.368130803108215332e-01,7.712532877922058105e-01,-8.445605039596557617e-01,-5.444628000259399414e-01,-5.319300293922424316e-01,4.499495029449462891e-02,1.156324863433837891e+00,7.245059013366699219e-01,7.593132257461547852e-01,-7.315742969512939453e-01,-1.173633150756359100e-02,1.447589248418807983e-01,4.984015524387359619e-01,6.583602726459503174e-02,7.730017602443695068e-02,1.154048219323158264e-01,1.283168047666549683e-01,-1.343486551195383072e-02,1.582843065261840820e-01,2.318021506071090698e-01,1.421590745449066162e-01
-1.371742188930511475e-01,-2.482337057590484619e-01,5.164467692375183105e-01,4.840555042028427124e-02,3.620861843228340149e-02,-8.816738724708557129e-01,4.679711759090423584e-01,2.989081144332885742e-01,5.614386796951293945e-01,8.408758640289306641e-01,-8.755750656127929688e-01,-5.936716794967651367e-01,-4.662981033325195312e-01,8.728223294019699097e-02,1.174757003784179688e+00,7.141379714012145996e-01,7.688973546028137207e-01,-6.724426746368408203e-01,-2.337283827364444733e-02,1.603236198425292969e-01,2.273013442754745483e-01,1.845324933528900146e-01,3.280374407768249512e-02,1.640451848506927490e-01,1.334428638219833374e-01,-4.500173032283782959e-02,1.897930800914764404e-01,3.406616747379302979e-01,1.854285150766372681e-01
-1.513215005397796631e-01,-2.741926908493041992e-01,5.100064873695373535e-01,2.731239981949329376e-02,4.117143899202346802e-02,-8.863254189491271973e-01,4.604195654392242432e-01,3.046966791152954102e-01,6.077806353569030762e-01,8.855818510055541992e-01,-9.134126305580139160e-01,-6.301837563514709473e-01,-4.000046849250793457e-01,1.439515501260757446e-01,1.186862587928771973e+00,6.876114606857299805e-01,7.557354569435119629e-01,-5.956875681877136230e-01,-2.056428603827953339e-02,1.878922432661056519e-01,1.019460484385490417e-01,2.844595015048980713e-01,5.620087031275033951e-03,2.041260451078414917e-01,1.223803088068962097e-01,-9.705699980258941650e-02,3.220050334930419922e-01,3.449999690055847168e-01,1.915563493967056274e-01
-1.621802747249603271e-01,-2.897386848926544189e-01,5.013258457183837891e-01,-3.739393723662942648e-04,4.014890640974044800e-02,-8.912333846092224121e-01,4.517642855644226074e-01,2.992009818553924561e-01,6.655144095420837402e-01,9.187076687812805176e-01,-9.317117929458618164e-01,-6.434160470962524414e-01,-3.481028378009796143e-01,2.158789783716201782e-01,1.200601220130920410e+00,6.432041525840759277e-01,7.164452075958251953e-01,-5.349782109260559082e-01,-2.373780123889446259e-02,2.156260907649993896e-01,1.121984496712684631e-01,3.262895047664642334e-01,4.182568937540054321e-02,2.068796902894973755e-01,8.428122103214263916e-02,-1.424861103296279907e-01,5.279048085212707520e-01,3.449999988079071045e-01,1.589503586292266846e-01
-1.677311062812805176e-01,-3.066809773445129395e-01,4.957540035247802734e-01,-3.323793038725852966e-02,3.775431960821151733e-02,-8.927628993988037109e-01,4.477100074291229248e-01,2.897912263870239258e-01,7.246145009994506836e-01,9.365818500518798828e-01,-9.271752238273620605e-01,-6.200707554817199707e-01,-3.141325712203979492e-01,3.093566000461578369e-01,1.217972874641418457e+00,5.764276385307312012e-01,6.616050004959106445e-01,-4.885208010673522949e-01,-3.007226437330245972e-02,2.223804444074630737e-01,2.108389437198638916e-01,2.433174401521682739e-01,1.305444836616516113e-01,1.779563874006271362e-01,3.377762809395790100e-02,-1.277137994766235352e-01,7.654438614845275879e-01,3.432197868824005127e-01,1.193873286247253418e-01
-1.709347516298294067e-01,-3.263976573944091797e-01,4.907220304012298584e-01,-6.289459764957427979e-02,2.642940357327461243e-02,-8.894941806793212891e-01,4.518249928951263428e-01,2.463538348674774170e-01,7.907805442810058594e-01,9.098848104476928711e-01,-8.913674950599670410e-01,-5.674978494644165039e-01,-3.071133196353912354e-01,4.134317636489868164e-01,1.234281301498413086e+00,4.973367750644683838e-01,5.996531248092651367e-01,-4.482319056987762451e-01,-5.278000235557556152e-02,2.207889109849929810e-01,3.400530219078063965e-01,9.577538073062896729e-02,2.324195653200149536e-01,9.368944913148880005e-02,-1.861602067947387695e-02,-8.446262776851654053e-02,1.013518571853637695e+00,3.408514857292175293e-01,8.114647120237350464e-02
-1.776667982339859009e-01,-3.450781106948852539e-01,4.863504469394683838e-01,-8.514916896820068359e-02,1.383305061608552933e-02,-8.789074420928955078e-01,4.691267907619476318e-01,1.831466555595397949e-01,8.547507524490356445e-01,7.957928776741027832e-01,-8.324742913246154785e-01,-4.116219282150268555e-01,-3.159417510032653809e-01,5.231162309646606445e-01,1.275571823120117188e+00,4.107859432697296143e-01,4.888562858104705811e-01,-4.223721027374267578e-01,-8.679547160863876343e-02,1.928400099277496338e-01,4.864444732666015625e-01,-4.964590445160865784e-02,3.085444867610931396e-01,-1.421587076038122177e-02,-4.452062770724296570e-02,-3.191043809056282043e-02,1.205276727676391602e+00,3.140749633312225342e-01,3.246236220002174377e-02
-1.887571662664413452e-01,-3.673270046710968018e-01,4.855336546897888184e-01,-9.394559264183044434e-02,9.358379989862442017e-03,-8.671582341194152832e-01,4.890023469924926758e-01,9.902124851942062378e-02,8.550000190734863281e-01,6.090997457504272461e-01,-7.728186845779418945e-01,-2.045609802007675171e-01,-3.602354228496551514e-01,6.005382537841796875e-01,1.321318149566650391e+00,3.294277191162109375e-01,4.307357370853424072e-01,-3.980250954627990723e-01,-1.047665476799011230e-01,1.705238074064254761e-01,5.834676623344421387e-01,-1.039058566093444824e-01,3.158569633960723877e-01,-1.818547099828720093e-01,-9.216263145208358765e-02,-2.042745053768157959e-02,1.299049615859985352e+00,2.165441066026687622e-01,-2.583603188395500183e-02
-2.008555531501770020e-01,-3.855160176753997803e-01,4.904918968677520752e-01,-1.050294712185859680e-01,6.198923103511333466e-03,-8.542579412460327148e-01,5.090910792350769043e-01,-3.521787002682685852e-03,8.550000190734863281e-01,3.685566782951354980e-01,-7.382366657257080078e-01,6.785459071397781372e-02,-4.321931302547454834e-01,6.662640571594238281e-01,1.373926401138305664e+00,2.737849652767181396e-01,4.133334755897521973e-01,-3.576582074165344238e-01,-1.011919826269149780e-01,1.531567722558975220e-01,6.479872465133666992e-01,-8.770895004272460938e-02,2.645972669124603271e-01,-3.474095463752746582e-01,-1.401183307170867920e-01,-4.251359775662422180e-02,1.265969991683959961e+00,1.132924631237983704e-01,-7.792881131172180176e-02
-2.129073739051818848e-01,-3.951943516731262207e-01,5.028658509254455566e-01,-1.252298355102539062e-01,9.690209291875362396e-03,-8.428881764411926270e-01,5.232237577438354492e-01,-1.005914136767387390e-01,8.550000190734863281e-01,1.435417830944061279e-01,-7.303438782691955566e-01,3.252438604831695557e-01,-5.197420120239257812e-01,7.045437097549438477e-01,1.411494255065917969e+00,2.713580727577209473e-01,4.080649614334106445e-01,-3.049370944499969482e-01,-4.415044933557510376e-02,1.619677245616912842e-01,6.725319623947143555e-01,-5.873466655611991882e-02,2.125029116868972778e-01,-4.914745688438415527e-01,-1.463958472013473511e-01,-1.225129291415214539e-01,1.050580978393554688e+00,2.954440750181674957e-02,-7.931438833475112915e-02
-2.165097892284393311e-01,-4.008651375770568848e-01,5.141946673393249512e-01,-1.247765049338340759e-01,1.023615151643753052e-02,-8.297280669212341309e-01,5.439460873603820801e-01,-2.139462381601333618e-01,8.550000190734863281e-01,-1.007876619696617126e-01,-7.652781009674072266e-01,6.048340797424316406e-01,-6.222518682479858398e-01,7.405298948287963867e-01,1.461367368698120117e+00,2.243142575025558472e-01,3.835504353046417236e-01,-2.641144394874572754e-01,-7.273107022047042847e-02,1.416286677122116089e-01,6.405886411666870117e-01,-1.008271351456642151e-01,2.058150470256805420e-01,-5.875529050827026367e-01,-1.067532971501350403e-01,-1.505573689937591553e-01,8.137837648391723633e-01,1.291278749704360962e-01,-2.122304961085319519e-02
-2.170511335134506226e-01,-4.142994582653045654e-01,5.236328244209289551e-01,-1.272113621234893799e-01,2.104691602289676666e-02,-8.147460222244262695e-01,5.652992129325866699e-01,-3.131153583526611328e-01,8.531153202056884766e-01,-2.903739809989929199e-01,-8.377570509910583496e-01,7.939604520797729492e-01,-7.017850279808044434e-01,7.698619961738586426e-01,1.502703070640563965e+00,1.917612552642822266e-01,3.750937879085540771e-01,-2.229128479957580566e-01,-1.015726774930953979e-01,8.285763859748840332e-02,6.110455393791198730e-01,-1.422922164201736450e-01,2.019309699535369873e-01,-6.529874801635742188e-01,-7.825013995170593262e-02,-2.017763257026672363e-01,5.709127187728881836e-01,2.456173747777938843e-01,3.785391896963119507e-02
-2.212944626808166504e-01,-4.129048883914947510e-01,5.321400165557861328e-01,-1.253208070993423462e-01,2.145967632532119751e-02,-8.036811947822570801e-01,5.813181400299072266e-01,-3.990852534770965576e-01,8.386127352714538574e-01,-4.175256788730621338e-01,-9.131909012794494629e-01,9.199070930480957031e-01,-7.949751615524291992e-01,7.863613367080688477e-01,1.534062504768371582e+00,1.571047157049179077e-01,3.545306026935577393e-01,-1.836853623390197754e-01,-1.195062175393104553e-01,1.202482357621192932e-02,5.455564260482788086e-01,-1.345867812633514404e-01,1.625703424215316772e-01,-7.054834365844726562e-01,-3.980092331767082214e-02,-2.503781914710998535e-01,3.244838118553161621e-01,3.232220411300659180e-01,8.526010066270828247e-02
-2.275849282741546631e-01,-4.240109920501708984e-01,5.378566980361938477e-01,-1.254429072141647339e-01,2.084930799901485443e-02,-7.976113557815551758e-01,5.896147489547729492e-01,-4.685444831848144531e-01,8.101555109024047852e-01,-5.263376235961914062e-01,-9.736135005950927734e-01,1.040389776229858398e+00,-8.691496253013610840e-01,7.874536514282226562e-01,1.566895484924316406e+00,1.485980302095413208e-01,3.362367749214172363e-01,-1.357683539390563965e-01,-1.153593584895133972e-01,-2.231165952980518341e-02,4.850042760372161865e-01,-1.337001919746398926e-01,1.280822604894638062e-01,-7.547975182533264160e-01,-1.741550676524639130e-02,-2.883929610252380371e-01,2.160907238721847534e-01,3.437590897083282471e-01,1.212171167135238647e-01
-2.347525358200073242e-01,-4.314291477203369141e-01,5.444278717041015625e-01,-1.224461346864700317e-01,2.895748429000377655e-02,-7.857953310012817383e-01,6.055527329444885254e-01,-5.477992296218872070e-01,7.615975141525268555e-01,-6.144191026687622070e-01,-1.028991222381591797e+00,1.137882471084594727e+00,-9.546011090278625488e-01,7.794273495674133301e-01,1.583874821662902832e+00,1.469258069992065430e-01,3.294485211372375488e-01,-9.447111934423446655e-02,-9.677330404520034790e-02,-4.991876333951950073e-02,4.434596896171569824e-01,-1.416878998279571533e-01,1.124299913644790649e-01,-7.896124720573425293e-01,-1.400690432637929916e-02,-2.991812527179718018e-01,2.184952944517135620e-01,3.449999988079071045e-01,1.429915279150009155e-01
-2.423294186592102051e-01,-4.399949312210083008e-01,5.497143268585205078e-01,-1.191977560520172119e-01,3.336256742477416992e-02,-7.752096056938171387e-01,6.194585561752319336e-01,-6.239682435989379883e-01,7.062113881111145020e-01,-6.802018880844116211e-01,-1.062148213386535645e+00,1.204960346221923828e+00,-1.065261721611022949e+00,7.506237626075744629e-01,1.594166636466979980e+00,1.383955627679824829e-01,3.156343400478363037e-01,-5.859298259019851685e-02,-8.106623589992523193e-02,-5.842856690287590027e-02,4.216408133506774902e-01,-1.347780227661132812e-01,8.625401556491851807e-02,-8.044948577880859375e-01,-1.415922306478023529e-02,-3.094774782657623291e-01,2.687505185604095459e-01,3.449999988079071045e-01,1.682296246290206909e-01
-2.482483983039855957e-01,-4.466005861759185791e-01,5.540288090705871582e-01,-1.095839813351631165e-01,3.763950243592262268e-02,-7.642465233802795410e-01,6.344302892684936523e-01,-7.057457566261291504e-01,6.307828426361083984e-01,-7.554392814636230469e-01,-1.074141025543212891e+00,1.255849361419677734e+00,-1.196474671363830566e+00,7.084273099899291992e-01,1.583136439323425293e+00,1.152549311518669128e-01,3.142307996749877930e-01,-4.620720818638801575e-02,-7.889454066753387451e-02,-6.204241514205932617e-02,4.152120351791381836e-01,-1.079701706767082214e-01,6.618301570415496826e-02,-8.028308749198913574e-01,-1.374368555843830109e-02,-3.048485517501831055e-01,3.188272416591644287e-01,3.449999988079071045e-01,1.924580484628677368e-01
-2.534148097038269043e-01,-4.539266824722290039e-01,5.583246350288391113e-01,-9.865489602088928223e-02,3.514073789119720459e-02,-7.533596754074096680e-01,6.492161154747009277e-01,-7.681660056114196777e-01,5.502332448959350586e-01,-8.054836392402648926e-01,-1.067552685737609863e+00,1.262373328208923340e+00,-1.322367787361145020e+00,6.698235869407653809e-01,1.565205216407775879e+00,8.128430694341659546e-02,3.099342882633209229e-01,-3.792813420295715332e-02,-8.416153490543365479e-02,-6.254822760820388794e-02,4.229766726493835449e-01,-7.566420733928680420e-02,4.989822581410408020e-02,-7.737136483192443848e-01,-1.534409075975418091e-02,-2.927294373512268066e-01,3.787779211997985840e-01,3.449999988079071045e-01,2.265418171882629395e-01
-2.597262263298034668e-01,-4.721679389476776123e-01,5.617828369140625000e-01,-8.809744566679000854e-02,3.058598563075065613e-02,-7.406135797500610352e-01,6.654282808303833008e-01,-8.243602514266967773e-01,4.613310694694519043e-01,-8.211792707443237305e-01,-1.043917179107666016e+00,1.239496231079101562e+00,-1.429419755935668945e+00,6.280552148818969727e-01,1.543454170227050781e+00,4.155636951327323914e-02,3.161029815673828125e-01,-4.846528545022010803e-02,-9.556783735752105713e-02,-5.429987236857414246e-02,4.563253521919250488e-01,-4.958108067512512207e-02,3.448038548231124878e-02,-7.227243185043334961e-01,-1.169210765510797501e-02,-2.643910944461822510e-01,4.424005448818206787e-01,3.449999988079071045e-01,2.472769767045974731e-01
-2.669593691825866699e-01,-4.842475354671478271e-01,5.622103214263916016e-01,-7.484716922044754028e-02,2.682564966380596161e-02,-7.230553030967712402e-01,6.861991882324218750e-01,-8.788799047470092773e-01,3.657141029834747314e-01,-8.080374598503112793e-01,-1.010126352310180664e+00,1.214327454566955566e+00,-1.525139689445495605e+00,6.159625649452209473e-01,1.520702242851257324e+00,-3.454186487942934036e-03,3.460683226585388184e-01,-7.729931175708770752e-02,-1.042037159204483032e-01,-4.069628193974494934e-02,5.359978675842285156e-01,-4.473588243126869202e-02,-4.538834560662508011e-03,-6.448097825050354004e-01,5.375161767005920410e-03,-2.173656076192855835e-01,4.900286793708801270e-01,3.449999988079071045e-01,2.740089893341064453e-01
-2.714509963989257812e-01,-4.895797073841094971e-01,5.553764700889587402e-01,-6.243977323174476624e-02,2.108565345406532288e-02,-7.100848555564880371e-01,7.010250687599182129e-01,-8.850004673004150391e-01,2.846890985965728760e-01,-7.379472255706787109e-01,-9.720261096954345703e-01,1.161759376525878906e+00,-1.593860864639282227e+00,5.990673899650573730e-01,1.493534088134765625e+00,-4.158527776598930359e-02,3.675167560577392578e-01,-1.433154195547103882e-01,-1.156524717807769775e-01,-4.540659021586179733e-03,7.001678943634033203e-01,-4.078700020909309387e-02,-3.631082177162170410e-02,-5.541417598724365234e-01,1.281013339757919312e-02,-1.843862235546112061e-01,5.019847154617309570e-01,3.449999988079071045e-01,2.764639556407928467e-01
-2.709338963031768799e-01,-4.860568940639495850e-01,5.428839325904846191e-01,-5.399999022483825684e-02,1.420458033680915833e-02,-7.009942531585693359e-01,7.109776735305786133e-01,-8.877826929092407227e-01,2.284205853939056396e-01,-6.596075892448425293e-01,-9.412946105003356934e-01,1.125500202178955078e+00,-1.606795907020568848e+00,5.750718712806701660e-01,1.473699450492858887e+00,-5.613112077116966248e-02,3.801140785217285156e-01,-2.457243949174880981e-01,-9.153216332197189331e-02,5.188745632767677307e-02,9.373242259025573730e-01,-3.926343843340873718e-02,-5.453055351972579956e-02,-4.789845645427703857e-01,1.496769301593303680e-02,-1.533853411674499512e-01,4.861883819103240967e-01,3.449999988079071045e-01,2.395899891853332520e-01
-2.694244980812072754e-01,-4.555578529834747314e-01,5.334009528160095215e-01,-4.494917392730712891e-02,1.369220949709415436e-02,-7.100910544395446777e-01,7.025402784347534180e-01,-8.699140548706054688e-01,1.944621056318283081e-01,-5.491197109222412109e-01,-9.195597767829895020e-01,1.064058661460876465e+00,-1.530481815338134766e+00,5.378195047378540039e-01,1.447709202766418457e+00,-4.050178453326225281e-02,3.958868086338043213e-01,-4.143365919589996338e-01,-1.891327463090419769e-02,1.122918799519538879e-01,1.154585719108581543e+00,-1.607011444866657257e-02,-5.671761557459831238e-02,-4.347931444644927979e-01,2.979291416704654694e-02,-1.560743302106857300e-01,3.069213032722473145e-01,3.449987769126892090e-01,1.222654879093170166e-01
-2.685928642749786377e-01,-4.487866759300231934e-01,5.272823572158813477e-01,-4.051888361573219299e-02,3.066273033618927002e-02,-7.143130898475646973e-01,6.979790925979614258e-01,-8.417846560478210449e-01,1.657733321189880371e-01,-4.511818885803222656e-01,-9.111331105232238770e-01,1.011941790580749512e+00,-1.445845842361450195e+00,4.741026461124420166e-01,1.422032117843627930e+00,-1.064015086740255356e-02,3.954394161701202393e-01,-5.105144381523132324e-01,9.781491011381149292e-02,9.517976641654968262e-02,1.316706657409667969e+00,-2.188899181783199310e-02,-2.915468066930770874e-02,-4.676307737827301025e-01,6.547050923109054565e-02,-1.346330493688583374e-01,3.532223105430603027e-01,1.292730420827865601e-01,2.929627522826194763e-02
-2.653927505016326904e-01,-4.457347095012664795e-01,5.216281414031982422e-01,-3.647673875093460083e-02,3.713949769735336304e-02,-7.265322208404541016e-01,6.851576566696166992e-01,-7.958846092224121094e-01,1.327988654375076294e-01,-3.469177484512329102e-01,-9.201425313949584961e-01,9.493975043296813965e-01,-1.309436678886413574e+00,3.982255160808563232e-01,1.394104599952697754e+00,1.796146668493747711e-02,4.005973041057586670e-01,-5.811425447463989258e-01,1.723725795745849609e-01,6.530273705720901489e-02,1.380396842956542969e+00,-7.580987364053726196e-02,2.324408665299415588e-02,-5.285831093788146973e-01,8.333185315132141113e-02,-8.626935631036758423e-02,4.310004711151123047e-01,1.459122821688652039e-02,-9.108568774536252022e-04
-2.580652236938476562e-01,-4.536163508892059326e-01,5.192287564277648926e-01,-3.592632338404655457e-02,3.787937015295028687e-02,-7.541059851646423340e-01,6.546744704246520996e-01,-7.328045964241027832e-01,1.163401603698730469e-01,-2.072843164205551147e-01,-9.578982591629028320e-01,8.280671238899230957e-01,-1.115199446678161621e+00,3.005571961402893066e-01,1.334532141685485840e+00,9.419248253107070923e-02,4.209579527378082275e-01,-6.026276350021362305e-01,1.865211427211761475e-01,2.750247158110141754e-02,1.360506415367126465e+00,-1.698796749114990234e-01,7.774613052606582642e-02,-5.613792538642883301e-01,1.139069944620132446e-01,1.735680922865867615e-02,4.858923852443695068e-01,-1.327324099838733673e-02,1.869579218327999115e-02
-2.521734237670898438e-01,-4.581651985645294189e-01,5.222694277763366699e-01,-2.727493643760681152e-02,3.509799763560295105e-02,-7.857114672660827637e-01,6.169940829277038574e-01,-6.293668150901794434e-01,1.228765025734901428e-01,-1.134440600872039795e-01,-9.874978661537170410e-01,7.266224622726440430e-01,-9.595223665237426758e-01,2.034665048122406006e-01,1.272108793258666992e+00,1.315262317657470703e-01,4.979374110698699951e-01,-5.983358025550842285e-01,1.579643040895462036e-01,1.450729649513959885e-02,1.237413525581359863e+00,-2.287329733371734619e-01,1.117972284555435181e-01,-5.626233220100402832e-01,1.269269585609436035e-01,1.010682806372642517e-01,4.385354220867156982e-01,6.256591528654098511e-02,7.994498312473297119e-02
-2.463112920522689819e-01,-4.617666006088256836e-01,5.302984714508056641e-01,-1.057373918592929840e-02,3.298613056540489197e-02,-8.181679248809814453e-01,5.739349722862243652e-01,-5.486707091331481934e-01,1.045063883066177368e-01,-5.242351442575454712e-02,-1.007401108741760254e+00,6.335163712501525879e-01,-8.473126292228698730e-01,1.195672526955604553e-01,1.218556880950927734e+00,1.487168967723846436e-01,6.548082232475280762e-01,-5.764280557632446289e-01,1.031043082475662231e-01,1.218170393258333206e-02,1.080099821090698242e+00,-2.988889813423156738e-01,1.427563577890396118e-01,-5.653966069221496582e-01,1.298215240240097046e-01,1.731169670820236206e-01,3.708671033382415771e-01,1.448453813791275024e-01,1.285952776670455933e-01
-2.383730560541152954e-01,-4.644317626953125000e-01,5.379529595375061035e-01,2.755343215540051460e-03,3.766554594039916992e-02,-8.404946327209472656e-01,5.405020117759704590e-01,-4.862531125545501709e-01,9.960592538118362427e-02,-2.133700251579284668e-02,-1.009376168251037598e+00,5.568481683731079102e-01,-7.690426111221313477e-01,5.363076552748680115e-02,1.201431512832641602e+00,1.439576447010040283e-01,8.490055799484252930e-01,-5.629405975341796875e-01,6.835973262786865234e-02,9.172134101390838623e-03,9.638981819152832031e-01,-3.229226768016815186e-01,1.526631861925125122e-01,-5.844423770904541016e-01,1.363516300916671753e-01,1.835378408432006836e-01,3.431098163127899170e-01,1.783869266510009766e-01,1.546552330255508423e-01
-2.293640971183776855e-01,-4.661802947521209717e-01,5.436965823173522949e-01,8.259132504463195801e-03,4.882462322711944580e-02,-8.555543422698974609e-01,5.153394341468811035e-01,-4.159229695796966553e-01,9.857381880283355713e-02,-1.225717552006244659e-02,-1.002249598503112793e+00,4.780487418174743652e-01,-7.129486203193664551e-01,7.487053982913494110e-03,1.222571015357971191e+00,1.461481899023056030e-01,1.138249754905700684e+00,-5.500580668449401855e-01,7.489779591560363770e-02,1.878731511533260345e-02,8.859304189682006836e-01,-3.127711713314056396e-01,1.676956713199615479e-01,-5.997900962829589844e-01,1.492402702569961548e-01,1.567320674657821655e-01,3.614861369132995605e-01,1.446146517992019653e-01,1.619520485401153564e-01
